{"loss": [2.0112178325653076, 1.4883226156234741, 1.1878527402877808, 1.012764573097229, 0.8664067387580872, 0.7376606464385986, 0.6370776295661926, 0.5289738774299622, 0.46179068088531494, 0.4026402533054352, 0.3256109356880188, 0.29693156480789185, 0.23889680206775665, 0.22087906301021576, 0.1803613305091858, 0.16330315172672272, 0.13482517004013062, 0.12504039704799652, 0.12179361283779144, 0.09569203853607178, 0.10003521293401718, 0.09538490325212479, 0.07335424423217773, 0.06904613971710205, 0.07917604595422745, 0.06925449520349503, 0.06350310146808624, 0.06270386278629303, 0.04812612012028694, 0.06166283041238785], "accuracy": [0.2613522410392761, 0.46936559677124023, 0.5869783163070679, 0.6541736125946045, 0.7018364071846008, 0.7498330473899841, 0.7818864583969116, 0.8191152215003967, 0.8413188457489014, 0.86243736743927, 0.8892320394515991, 0.9018363952636719, 0.9195325374603271, 0.9232053160667419, 0.9395659565925598, 0.9457429051399231, 0.9540066719055176, 0.9570951461791992, 0.9611018300056458, 0.9682804942131042, 0.9677796363830566, 0.9678630828857422, 0.9760434031486511, 0.9779632687568665, 0.9744574427604675, 0.978046715259552, 0.9801335334777832, 0.9792988300323486, 0.9843906760215759, 0.9797996878623962], "val_loss": [1.682508945465088, 1.2436854839324951, 1.0796475410461426, 0.8730477690696716, 0.8339375257492065, 0.7145423889160156, 0.6016548871994019, 0.5492416620254517, 0.5343102216720581, 0.5706200003623962, 0.5168184041976929, 0.49999967217445374, 0.42474278807640076, 0.41976192593574524, 0.3764035105705261, 0.37386447191238403, 0.37436532974243164, 0.36614078283309937, 0.3279706537723541, 0.3733407258987427, 0.37253284454345703, 0.3338594436645508, 0.4206783175468445, 0.5049795508384705, 0.3965122103691101, 0.3369022011756897, 0.39841175079345703, 0.3746018409729004, 0.46999165415763855, 0.33539479970932007], "val_accuracy": [0.4010016620159149, 0.5616026520729065, 0.6287145018577576, 0.7068447470664978, 0.7202003598213196, 0.7616026997566223, 0.8040066957473755, 0.8207011818885803, 0.826377272605896, 0.8200333714485168, 0.8434056639671326, 0.8524206876754761, 0.8751252293586731, 0.8751252293586731, 0.8854758143424988, 0.8894824981689453, 0.8894824981689453, 0.8961602449417114, 0.9041736125946045, 0.8991652727127075, 0.9015024900436401, 0.913188636302948, 0.8921535611152649, 0.8787980079650879, 0.9011685848236084, 0.9168614149093628, 0.900166928768158, 0.8911519050598145, 0.8854758143424988, 0.917863130569458]}